{
    "providers": [
        {
            "chars": [
                "\uf000"
            ],
            "file": "craftium:rank/owner.png",
            "ascent": 8,
            "height": 10,
            "type": "bitmap"
        },
        {
            "chars": [
                "\uf001"
            ],
            "file": "craftium:rank/manager.png",
            "ascent": 8,
            "height": 10,
            "type": "bitmap"
        },
        {
            "chars": [
                "\uf002"
            ],
            "file": "craftium:rank/sradmin.png",
            "ascent": 8,
            "height": 10,
            "type": "bitmap"
        },
        {
            "chars": [
                "\uf003"
            ],
            "file": "craftium:rank/admin.png",
            "ascent": 8,
            "height": 10,
            "type": "bitmap"
        },
        {
            "chars": [
                "\uf004"
            ],
            "file": "craftium:rank/srmod.png",
            "ascent": 8,
            "height": 10,
            "type": "bitmap"
        },
        {
            "chars": [
                "\uf005"
            ],
            "file": "craftium:rank/mod.png",
            "ascent": 8,
            "height": 10,
            "type": "bitmap"
        },
        {
            "chars": [
                "\uf006"
            ],
            "file": "craftium:rank/modjr.png",
            "ascent": 8,
            "height": 10,
            "type": "bitmap"
        },
        {
            "chars": [
                "\uf007"
            ],
            "file": "craftium:rank/chatmod.png",
            "ascent": 8,
            "height": 10,
            "type": "bitmap"
        },
        {
            "chars": [
                "\uf008"
            ],
            "file": "craftium:rank/helper.png",
            "ascent": 8,
            "height": 10,
            "type": "bitmap"
        },
        {
            "chars": [
                "\uf009"
            ],
            "file": "craftium:rank/builder.png",
            "ascent": 8,
            "height": 10,
            "type": "bitmap"
        },
        {
            "chars": [
                "\uf010"
            ],
            "file": "craftium:rank/vip.png",
            "ascent": 8,
            "height": 10,
            "type": "bitmap"
        },
        {
            "chars": [
                "\uf011\uf012"
            ],
            "file": "craftium:gui/title/craftium-logo.png",
            "ascent": 9,
            "height": 48,
            "type": "bitmap"
        },
        {
            "chars": [
                "\uf013"
            ],
            "file": "craftium:gui/title/craftium-logo_128.png",
            "ascent": 9,
            "height": 32,
            "type": "bitmap"
        }
    ]
}